"id","userprofile_id","klass_id"
"293","199","1"
"294","200","1"
"295","201","37"
"296","202","38"
"297","203","47"
"298","204","12"
"299","204","13"
"300","204","14"
"301","205","2"
"302","206","55"
"303","207","55"
"304","190","17"
"5014","1247","111"
"5057","4430","112"
"5077","1246","111"
"5096","1301","112"
"5114","1263","112"
"357","261","61"
"358","262","61"
"359","263","61"
"360","264","61"
"361","265","61"
"362","266","62"
"363","267","62"
"364","268","62"
"365","269","62"
"366","270","62"
"367","271","63"
"368","272","63"
"370","274","63"
"371","275","63"
"372","276","64"
"373","277","64"
"374","278","64"
"375","279","64"
"376","280","64"
"377","281","65"
"378","282","65"
"379","283","65"
"380","284","65"
"381","285","65"
"382","286","66"
"383","287","66"
"384","288","66"
"385","289","66"
"386","290","66"
"387","291","67"
"388","292","67"
"389","293","67"
"390","294","67"
"391","295","67"
"392","296","68"
"393","297","68"
"394","298","68"
"395","299","68"
"396","300","68"
"397","301","69"
"398","302","69"
"399","303","69"
"400","304","69"
"401","305","69"
"402","306","67"
"403","307","68"
"404","308","69"
"405","309","61"
"406","310","62"
"407","311","63"
"408","312","64"
"409","313","65"
"410","314","66"
"411","260","1"
"412","315","70"
"413","316","70"
"414","317","70"
"415","318","70"
"416","319","70"
"417","320","70"
"418","321","70"
"419","322","70"
"420","323","70"
"421","324","70"
"422","325","70"
"423","326","70"
"424","327","70"
"425","328","70"
"426","329","70"
"427","330","70"
"428","331","70"
"429","332","70"
"430","333","70"
"431","334","70"
"432","335","70"
"433","336","70"
"434","337","70"
"435","338","70"
"436","339","70"
"437","340","70"
"438","341","70"
"439","342","70"
"440","343","70"
"441","344","70"
"442","345","71"
"443","346","71"
"444","347","71"
"445","348","71"
"446","349","71"
"447","350","71"
"448","351","71"
"449","352","71"
"450","353","71"
"451","354","71"
"452","355","71"
"453","356","71"
"454","357","71"
"455","358","71"
"456","359","71"
"457","360","71"
"458","361","71"
"459","362","71"
"460","363","71"
"461","364","71"
"462","365","71"
"463","366","71"
"464","367","71"
"465","368","71"
"466","369","71"
"467","370","71"
"468","371","71"
"469","372","71"
"470","373","71"
"471","374","71"
"472","375","72"
"473","376","72"
"474","377","72"
"475","378","72"
"476","379","72"
"477","380","72"
"667","569","57"
"478","381","72"
"479","382","72"
"480","383","72"
"481","384","72"
"482","385","72"
"483","386","72"
"484","387","72"
"485","388","72"
"486","389","72"
"487","390","72"
"488","391","72"
"489","392","72"
"490","393","72"
"491","394","72"
"492","395","72"
"493","396","72"
"494","397","72"
"495","398","72"
"496","399","72"
"497","400","72"
"498","401","72"
"499","402","72"
"500","403","72"
"501","404","72"
"502","405","70"
"503","406","71"
"504","407","72"
"505","408","73"
"506","409","73"
"507","410","73"
"508","411","73"
"509","412","73"
"510","413","74"
"511","414","74"
"512","415","74"
"513","416","74"
"514","417","74"
"515","418","75"
"516","419","75"
"517","420","75"
"518","421","75"
"519","422","75"
"520","423","76"
"521","424","76"
"522","425","76"
"523","426","76"
"524","427","76"
"525","428","77"
"526","429","77"
"527","430","77"
"528","431","77"
"529","432","77"
"530","433","78"
"531","434","78"
"532","435","78"
"533","436","78"
"534","437","78"
"535","438","79"
"536","439","79"
"537","440","79"
"538","441","79"
"539","442","79"
"540","443","80"
"541","444","80"
"542","445","80"
"543","446","80"
"544","447","80"
"546","449","81"
"547","450","81"
"548","451","81"
"549","452","81"
"550","453","79"
"551","454","80"
"552","455","81"
"553","456","73"
"554","457","74"
"555","458","75"
"556","459","76"
"557","460","77"
"558","461","78"
"5058","4428","112"
"5078","1242","111"
"5097","1297","112"
"5115","1261","112"
"775","310","61"
"776","676","86"
"777","677","86"
"778","678","86"
"779","679","86"
"1275","881","102"
"781","681","91"
"782","681","89"
"783","681","87"
"784","682","88"
"785","682","90"
"786","682","92"
"787","683","91"
"788","684","91"
"789","685","91"
"790","686","92"
"791","687","93"
"792","688","93"
"793","689","93"
"794","690","93"
"795","691","93"
"796","692","94"
"797","693","94"
"798","694","94"
"799","695","94"
"800","696","94"
"801","697","95"
"802","698","95"
"803","699","95"
"804","700","95"
"805","701","95"
"806","702","96"
"807","703","96"
"808","704","96"
"809","705","96"
"810","706","96"
"811","707","97"
"812","708","97"
"813","709","97"
"814","710","97"
"815","711","97"
"816","712","98"
"817","713","98"
"818","714","98"
"819","715","98"
"820","716","98"
"821","717","99"
"822","718","99"
"823","719","99"
"719","621","57"
"722","569","58"
"723","624","58"
"824","720","99"
"825","721","99"
"826","722","100"
"827","723","100"
"828","724","100"
"829","725","100"
"830","726","100"
"831","727","101"
"832","728","101"
"833","729","101"
"834","730","101"
"835","731","101"
"836","732","99"
"837","733","100"
"838","734","101"
"839","735","93"
"840","736","94"
"841","737","95"
"842","738","96"
"843","739","97"
"844","740","98"
"845","741","106"
"846","742","106"
"847","743","106"
"848","744","106"
"849","745","106"
"850","746","106"
"851","747","106"
"852","748","106"
"853","749","106"
"854","750","106"
"855","751","106"
"856","752","106"
"857","753","106"
"858","754","106"
"859","755","106"
"860","756","106"
"861","757","106"
"862","758","106"
"863","759","106"
"864","760","106"
"865","761","106"
"866","762","106"
"867","763","106"
"868","764","106"
"869","765","106"
"870","766","106"
"871","767","106"
"872","768","106"
"873","769","106"
"874","770","106"
"875","771","106"
"876","772","106"
"877","773","106"
"878","774","106"
"879","775","106"
"880","776","106"
"881","777","106"
"882","778","106"
"883","779","106"
"884","780","106"
"885","781","106"
"886","782","106"
"887","783","106"
"888","784","106"
"889","785","106"
"890","786","106"
"891","787","106"
"892","788","106"
"893","789","106"
"894","790","106"
"895","791","106"
"896","792","106"
"1276","882","102"
"1278","883","102"
"1280","885","102"
"1282","887","102"
"903","680","86"
"904","732","100"
"905","732","101"
"906","733","99"
"907","733","101"
"908","734","99"
"909","734","100"
"910","735","94"
"911","735","95"
"912","736","93"
"913","736","95"
"914","737","93"
"915","737","94"
"916","738","97"
"917","738","98"
"918","739","96"
"919","739","98"
"920","740","96"
"921","740","97"
"922","794","107"
"923","795","107"
"924","796","107"
"925","797","107"
"926","798","107"
"927","799","107"
"928","800","107"
"929","801","107"
"930","802","107"
"931","803","107"
"932","804","107"
"933","805","107"
"934","806","107"
"935","807","107"
"936","808","107"
"937","809","107"
"938","810","107"
"939","811","107"
"940","812","107"
"941","813","107"
"942","814","107"
"943","815","107"
"944","816","107"
"945","817","107"
"946","818","107"
"947","819","107"
"948","820","107"
"949","821","107"
"950","822","107"
"951","823","107"
"952","824","107"
"953","825","107"
"954","826","107"
"955","827","107"
"956","828","107"
"957","829","107"
"958","830","107"
"959","831","107"
"960","832","107"
"961","833","107"
"962","834","107"
"963","834","108"
"964","835","108"
"965","836","108"
"966","837","108"
"967","838","108"
"968","839","108"
"969","840","108"
"970","841","108"
"971","842","108"
"972","843","108"
"973","844","108"
"974","845","108"
"975","846","108"
"976","847","108"
"977","848","108"
"978","849","108"
"979","850","108"
"980","851","108"
"981","852","108"
"982","853","108"
"983","854","108"
"984","855","108"
"985","856","108"
"986","857","108"
"987","858","108"
"988","859","108"
"989","860","108"
"990","861","108"
"991","862","108"
"992","863","108"
"993","864","108"
"994","865","108"
"995","866","108"
"996","867","108"
"997","868","108"
"998","869","108"
"999","870","108"
"1000","871","108"
"1001","872","108"
"1002","873","108"
"1003","874","108"
"1004","875","107"
"1005","875","108"
"1006","876","86"
"1008","878","6"
"1009","879","6"
"1277","1058","105"
"1279","884","102"
"1281","886","102"
"1283","888","102"
"1284","889","102"
"1285","890","102"
"1286","1059","105"
"1287","891","102"
"1288","892","102"
"1289","893","102"
"1290","894","102"
"1291","895","102"
"1292","896","102"
"1293","1060","105"
"1294","897","102"
"1295","898","102"
"1296","1061","105"
"1297","899","102"
"1298","900","102"
"1299","1062","105"
"1300","901","102"
"1301","902","102"
"1302","1063","105"
"1303","903","102"
"1304","1064","105"
"1305","904","102"
"1306","1065","105"
"1307","905","102"
"1308","906","102"
"1309","907","102"
"1310","908","102"
"1311","1066","105"
"1312","909","102"
"1313","910","102"
"5016","1245","111"
"1315","911","102"
"1316","912","102"
"1317","913","102"
"1318","1068","105"
"1319","914","102"
"1320","915","102"
"1321","1069","105"
"1322","916","102"
"1323","1070","105"
"1324","917","102"
"1325","1071","105"
"1326","918","102"
"1327","1072","105"
"1328","919","102"
"1329","1073","105"
"1330","1074","105"
"1331","1075","105"
"1332","1076","105"
"1333","1077","105"
"1334","1078","105"
"1335","1079","105"
"1336","1080","105"
"1338","1082","105"
"1339","1083","105"
"1340","1084","105"
"1341","1085","105"
"1342","1086","105"
"1343","1087","105"
"1344","1088","105"
"1345","1089","105"
"1346","1090","105"
"1347","1091","105"
"1348","1092","105"
"1349","1093","105"
"1350","1094","105"
"1351","1095","105"
"1352","1096","105"
"1353","1097","105"
"1354","1098","105"
"1355","1099","105"
"1356","1100","105"
"1357","1101","105"
"1358","460","45"
"1359","1142","105"
"1360","1143","105"
"1361","1144","105"
"5059","1304","112"
"1363","1102","103"
"1364","1103","103"
"1365","1104","103"
"1366","1105","103"
"1367","1106","103"
"1368","1107","103"
"1369","1108","103"
"1370","1109","103"
"1371","1110","103"
"1372","1111","103"
"1373","1112","103"
"1374","1113","103"
"1375","1114","103"
"1376","1115","103"
"1377","1116","103"
"1378","1117","103"
"1379","1118","103"
"1380","1119","103"
"1381","1120","103"
"1382","1121","103"
"1383","1122","103"
"1384","1123","103"
"1385","1124","103"
"1386","1125","103"
"1387","1126","103"
"1388","1127","103"
"1389","1128","103"
"1390","1129","103"
"1391","1130","103"
"1392","1131","103"
"1393","1132","103"
"1394","1133","103"
"1395","1134","103"
"1396","1135","103"
"1397","1136","103"
"1398","1137","103"
"1399","1138","103"
"1400","1145","109"
"1404","928","105"
"1405","1149","110"
"1408","1152","110"
"1409","1153","110"
"1410","1154","110"
"1412","1156","110"
"1413","1157","110"
"1414","1158","110"
"1415","1159","110"
"1416","1160","110"
"1417","1161","110"
"1418","1162","110"
"1419","1163","110"
"1420","1164","110"
"1421","1165","110"
"1422","1166","110"
"1423","1167","110"
"1424","1168","110"
"1425","1169","110"
"1426","1170","110"
"1427","1171","110"
"1428","1172","110"
"1429","1173","110"
"1430","1174","110"
"1431","1175","110"
"1432","1176","110"
"1433","1177","110"
"1434","1178","110"
"1435","1179","110"
"1436","1180","110"
"1437","1181","110"
"1438","1182","110"
"1439","1183","110"
"1440","1184","110"
"1441","1185","110"
"1442","1186","110"
"1443","1187","110"
"1444","1188","110"
"1445","1189","110"
"1446","1190","110"
"1447","1191","110"
"1448","1192","110"
"1449","1193","110"
"1450","1194","110"
"1451","1195","110"
"1452","1196","110"
"1453","1197","110"
"1454","1198","110"
"1455","1199","110"
"5079","1240","111"
"5098","1295","112"
"1457","1201","110"
"1458","1202","110"
"1459","1203","110"
"1460","1204","110"
"1461","1205","110"
"1463","1207","110"
"1464","1208","110"
"1465","1209","110"
"5116","4447","194"
"1467","1211","110"
"5118","3862","105"
"1470","1214","3"
"1471","1215","111"
"1473","1217","111"
"5121","197","146"
"5123","4449","187"
"1475","1219","111"
"1477","1221","111"
"1479","1223","111"
"1481","1225","111"
"1483","1227","111"
"1485","1229","111"
"1487","1231","111"
"1489","1233","111"
"1491","1235","111"
"1493","1237","111"
"5017","1243","111"
"5060","1302","112"
"5080","1238","111"
"5099","1293","112"
"5117","4448","194"
"5119","3862","152"
"5122","30","45"
"5124","4449","190"
"5125","4449","188"
"5126","4449","191"
"5127","4449","192"
"5128","4449","189"
"1516","1260","112"
"1518","1262","112"
"1520","1264","112"
"1522","1266","112"
"1524","1268","112"
"1526","1270","112"
"1528","1272","112"
"1530","1274","112"
"1532","1276","112"
"1534","1278","112"
"1536","1280","112"
"1538","1282","112"
"1540","1284","112"
"1562","1306","113"
"1563","1307","113"
"1564","1308","113"
"1565","1309","113"
"1566","1310","113"
"1567","1311","113"
"1568","1312","113"
"1569","1313","113"
"1570","1314","113"
"1571","1315","113"
"1572","1316","113"
"1573","1317","113"
"1574","1318","113"
"1575","1319","113"
"1576","1320","113"
"1577","1321","113"
"1578","1322","113"
"1579","1323","113"
"1580","1324","113"
"1581","1325","113"
"1582","1326","113"
"1584","1328","113"
"1585","1329","113"
"1586","1330","113"
"1587","1331","113"
"1588","1332","113"
"1589","1333","113"
"1590","1334","113"
"1591","1335","113"
"1592","1336","113"
"1593","1337","113"
"1594","1338","113"
"1595","1339","113"
"1596","1340","113"
"1597","1341","113"
"1598","1342","113"
"1600","1344","104"
"1601","1345","104"
"1602","1346","104"
"1603","1347","104"
"1605","1349","104"
"1606","1350","104"
"1607","1351","104"
"1608","1352","104"
"1609","1353","104"
"1610","1354","104"
"1611","1355","104"
"1612","1356","104"
"1613","1357","104"
"1614","1358","104"
"1615","1359","104"
"1616","1360","104"
"1617","1361","104"
"1618","1362","104"
"1619","1363","104"
"1620","1364","104"
"1621","1365","104"
"1622","1366","104"
"1623","1367","104"
"1624","1368","104"
"1625","1369","104"
"1626","1370","104"
"1627","1371","104"
"1628","1372","104"
"1629","1373","104"
"1630","1374","104"
"1631","1375","104"
"1632","1376","104"
"1633","1377","104"
"1634","1378","104"
"1635","1379","104"
"1636","1380","104"
"1637","1381","104"
"1638","1382","104"
"1639","1383","104"
"1640","1384","104"
"1641","1385","104"
"1642","1386","104"
"1643","1387","104"
"1644","1388","104"
"1645","1389","104"
"1646","1390","104"
"1647","1391","104"
"1648","1392","104"
"1649","1393","104"
"1650","1394","104"
"1651","1395","104"
"1652","1396","114"
"1653","1397","114"
"1654","1398","114"
"1655","1399","114"
"1656","1400","114"
"1657","1401","114"
"1658","1402","114"
"1659","1403","114"
"1660","1404","114"
"1661","1405","114"
"1662","1406","114"
"1663","1407","114"
"1664","1408","114"
"1665","1409","114"
"1666","1410","114"
"1667","1411","114"
"1668","1412","114"
"1669","1413","114"
"1670","1414","114"
"1671","1415","114"
"1672","1416","114"
"1673","1417","114"
"1674","1418","114"
"1675","1419","114"
"1676","1420","114"
"1677","1421","114"
"1678","1422","115"
"1679","1423","115"
"1680","1424","115"
"1681","1425","115"
"1682","1426","115"
"1683","1427","115"
"1684","1428","115"
"1685","1429","115"
"1686","1430","115"
"1687","1431","115"
"1688","1432","115"
"1689","1433","115"
"1690","1434","115"
"1691","1435","115"
"1692","1436","115"
"1693","1437","115"
"1695","1439","115"
"1697","1441","115"
"1698","1442","115"
"1699","1443","115"
"1700","1444","115"
"1701","1445","115"
"1702","1446","115"
"1703","1447","115"
"1704","1448","115"
"1705","1449","115"
"1706","1450","115"
"1707","1451","115"
"5061","1300","112"
"1709","1453","115"
"1710","1454","115"
"1711","1455","115"
"1712","1456","115"
"1729","1473","116"
"1730","1474","116"
"1731","1475","116"
"1732","1476","116"
"1733","1477","116"
"1734","1478","116"
"1735","1479","116"
"1736","1480","116"
"1737","1481","116"
"1738","1482","116"
"1739","1483","116"
"1740","1484","116"
"1741","1485","116"
"1742","1486","116"
"1743","1487","116"
"1744","1488","116"
"1745","1489","116"
"1746","1490","116"
"1747","1491","116"
"1748","1492","116"
"1749","1493","116"
"1750","1494","116"
"1751","1495","116"
"1752","1496","116"
"1753","1497","116"
"1754","1498","116"
"1755","1499","116"
"1756","1500","116"
"1757","1501","116"
"5081","1236","111"
"1759","1503","116"
"1760","1504","116"
"1761","1505","116"
"1762","1506","116"
"1763","1507","116"
"1764","1508","116"
"1765","1509","116"
"1766","1510","116"
"1767","1511","116"
"1768","1512","116"
"1769","1513","116"
"1814","1558","118"
"1815","1559","118"
"1816","1560","118"
"1817","1561","118"
"1818","1562","118"
"1819","1563","118"
"1820","1564","118"
"1821","1565","118"
"1822","1566","118"
"1823","1567","118"
"1824","1568","118"
"1825","1569","118"
"1826","1570","118"
"1827","1571","118"
"1828","1572","118"
"5100","1291","112"
"1830","1574","118"
"1831","1575","118"
"1832","1576","118"
"1833","1577","118"
"1834","1578","118"
"1835","1579","118"
"5120","3862","185"
"1837","1581","118"
"1838","1582","118"
"1839","1583","119"
"1840","1584","119"
"1841","1585","119"
"1842","1586","119"
"1843","1587","119"
"1844","1588","119"
"1845","1589","119"
"1846","1590","119"
"1847","1591","119"
"1848","1592","119"
"1850","1594","119"
"1851","1595","119"
"1852","1596","119"
"1853","1597","119"
"1854","1598","119"
"1855","1599","119"
"1856","1600","119"
"1857","1601","119"
"1858","1602","119"
"1859","1603","119"
"1860","1604","117"
"1861","1605","117"
"1862","1606","117"
"1863","1607","117"
"1866","1610","117"
"1867","1611","117"
"1868","1612","117"
"1870","1614","117"
"1873","1617","117"
"1876","1620","117"
"1877","1621","117"
"1878","1622","117"
"1880","1624","117"
"1883","1627","117"
"1886","1630","117"
"1887","1631","117"
"1889","1633","117"
"1890","1604","120"
"1891","1634","120"
"1892","1635","120"
"1893","1636","120"
"1894","1637","120"
"1898","1641","120"
"1900","1643","120"
"1901","1644","120"
"1903","1646","120"
"1904","1647","120"
"1906","1649","120"
"1907","1650","120"
"1908","1651","120"
"1911","1654","120"
"1914","1657","120"
"1915","1658","120"
"1916","1659","120"
"1918","1661","120"
"1920","1663","120"
"1923","1665","109"
"1924","1666","109"
"1925","1667","109"
"1926","1668","109"
"1927","1669","109"
"1928","309","121"
"1930","1671","121"
"1931","1672","121"
"1932","1673","122"
"1933","1674","122"
"1934","1675","122"
"1935","1676","122"
"1936","1677","122"
"1937","1678","123"
"1938","1679","123"
"1939","1680","123"
"1940","1681","123"
"1941","1682","123"
"1942","1683","124"
"1943","1684","124"
"1944","1685","124"
"1945","1686","124"
"1946","1687","124"
"1973","1608","120"
"1974","1609","120"
"1975","1613","120"
"1976","1615","120"
"1977","1616","120"
"5019","1241","111"
"1979","1619","120"
"1980","1623","120"
"1981","1625","120"
"1982","1626","120"
"1983","1628","120"
"1984","1629","120"
"1985","1632","120"
"1986","1638","117"
"1987","1639","117"
"1988","1640","117"
"1989","1642","117"
"1990","1645","117"
"1992","1652","117"
"1993","1653","117"
"1994","1655","117"
"1995","1656","117"
"1996","1660","117"
"1997","1662","117"
"1998","1664","117"
"2008","448","81"
"2009","1688","110"
"2010","1689","125"
"2011","1690","125"
"2012","1691","125"
"2013","1692","125"
"2014","1693","125"
"2015","1694","125"
"2016","1695","125"
"2017","1696","125"
"2018","1697","125"
"2019","1698","125"
"2020","1699","125"
"2021","1700","125"
"2022","1701","125"
"2023","1702","125"
"2024","1703","125"
"2025","1704","125"
"2026","1705","125"
"2027","1706","125"
"2028","1707","125"
"2029","1708","125"
"2030","1709","125"
"2031","1710","125"
"2032","1711","125"
"2033","1712","125"
"2034","1713","125"
"2035","1714","125"
"2036","1715","125"
"2037","1716","125"
"2038","1717","125"
"2039","1718","125"
"2040","1719","125"
"2041","1720","125"
"2042","1689","126"
"2043","1721","126"
"2044","1722","126"
"2045","1723","126"
"2046","1724","126"
"2047","1725","126"
"2048","1726","126"
"2049","1727","126"
"2050","1728","126"
"2051","1729","126"
"2052","1730","126"
"2053","1731","126"
"2054","1732","126"
"2055","1733","126"
"2056","1734","126"
"2057","1735","126"
"2058","1736","126"
"2059","1737","126"
"2060","1738","126"
"2061","1739","126"
"2062","1740","126"
"2063","1741","126"
"2064","1742","126"
"2065","1743","126"
"2066","1744","126"
"2067","1745","126"
"2068","1746","126"
"2069","1747","126"
"2070","1748","126"
"2071","1749","126"
"2072","1750","126"
"2073","1751","127"
"2074","1752","127"
"2075","1753","127"
"2076","1754","127"
"2077","1755","127"
"2078","1756","127"
"2079","1757","127"
"5062","1298","112"
"2081","1759","127"
"2082","1760","127"
"2083","1761","127"
"2084","1762","127"
"2085","1763","127"
"2086","1764","127"
"2087","1765","127"
"2088","1766","127"
"2089","1767","127"
"2090","1768","127"
"2091","1769","127"
"2092","1770","127"
"2093","1771","127"
"2094","1772","127"
"2095","1773","127"
"2096","1774","127"
"2097","1775","128"
"2098","1776","128"
"2099","1777","128"
"2100","1778","128"
"2101","1779","128"
"2102","1780","128"
"2103","1781","128"
"2104","1782","128"
"2105","1783","128"
"2106","1784","128"
"2107","1785","128"
"2108","1786","128"
"2109","1787","128"
"2110","1788","128"
"2111","1789","128"
"2112","1790","128"
"2113","1791","128"
"2114","1792","128"
"2115","1793","128"
"2116","1794","128"
"2117","1795","128"
"2118","1796","128"
"2119","1797","128"
"2120","1798","128"
"2121","1799","128"
"2122","1800","128"
"2123","1801","128"
"2124","1802","128"
"2125","1803","128"
"2126","1804","128"
"2127","1805","128"
"2128","1806","128"
"2129","1775","129"
"2130","1807","129"
"2131","1808","129"
"2132","1809","129"
"2133","1810","129"
"2134","1811","129"
"2135","1812","129"
"2136","1813","129"
"2137","1814","129"
"2138","1815","129"
"2139","1816","129"
"2140","1817","129"
"2141","1818","129"
"2142","1819","129"
"2143","1820","129"
"2144","1821","129"
"2145","1822","129"
"2146","1823","129"
"2147","1824","129"
"2148","1825","129"
"2149","1826","129"
"2150","1827","129"
"2151","1828","129"
"2152","1829","129"
"2153","1830","129"
"2154","1831","129"
"2155","1832","129"
"2156","1833","129"
"2157","1834","129"
"2159","1836","130"
"2160","1837","130"
"2161","1838","130"
"2162","1839","130"
"2163","1840","130"
"2164","1841","130"
"2165","1842","130"
"2166","1843","130"
"2167","1844","130"
"2168","1845","130"
"2169","1846","130"
"2170","1847","130"
"2171","1848","130"
"2172","1849","130"
"2173","1850","130"
"2174","1851","130"
"2175","1852","130"
"2176","1853","130"
"2177","1854","130"
"2178","1855","130"
"2179","1856","130"
"2181","1858","130"
"2182","1859","130"
"2183","1860","130"
"2184","1861","130"
"2185","1862","130"
"2186","1863","130"
"2187","1864","130"
"2188","1865","130"
"2189","1866","130"
"2190","1867","130"
"2191","1868","130"
"2192","1869","130"
"5063","1296","112"
"2194","1870","131"
"2195","1871","131"
"2196","1872","131"
"2197","1873","131"
"2198","1874","131"
"2199","1875","131"
"2200","1876","131"
"2201","1877","131"
"5082","1234","111"
"2203","1879","131"
"2204","1880","131"
"2205","1881","131"
"2206","1882","131"
"2207","1883","131"
"2208","1884","131"
"2209","1885","131"
"2210","1886","131"
"2211","1887","131"
"2212","1888","131"
"2213","1889","131"
"2214","1890","131"
"2215","1891","131"
"2216","1892","131"
"2217","1893","131"
"2218","1894","131"
"2219","1895","131"
"2220","1896","131"
"2221","1897","131"
"2222","1898","131"
"2223","1899","131"
"2224","1900","131"
"2225","1901","131"
"2226","1902","131"
"2227","1903","131"
"2228","1904","131"
"5101","1289","112"
"2230","1905","132"
"2231","1906","132"
"2232","1907","132"
"2233","1908","132"
"2234","1909","132"
"2235","1910","132"
"2236","1911","132"
"2237","1912","132"
"2238","1913","132"
"2239","1914","132"
"2240","1915","132"
"2241","1916","132"
"2242","1917","132"
"2243","1918","132"
"2244","1919","132"
"2245","1920","132"
"2246","1921","132"
"2247","1922","132"
"2248","1923","132"
"2249","1924","132"
"2250","1925","132"
"2251","1926","132"
"2252","1927","132"
"2253","1928","132"
"2254","1929","132"
"2255","1930","132"
"2256","1931","132"
"2257","1932","132"
"2258","1933","132"
"2259","1934","132"
"2260","1935","132"
"2261","1936","132"
"2262","1937","132"
"2263","1938","133"
"2264","1939","133"
"2265","1940","133"
"2266","1941","133"
"2267","1942","133"
"2268","1943","133"
"2269","1944","133"
"2270","1945","133"
"2271","1946","133"
"2272","1947","133"
"2273","1948","133"
"2274","1949","133"
"2275","1950","133"
"2276","1951","133"
"2277","1952","133"
"2278","1953","133"
"2279","1954","133"
"2280","1955","133"
"2281","1956","133"
"2282","1957","133"
"2283","1958","133"
"2284","1959","133"
"2285","1960","133"
"2286","1961","133"
"2287","1962","133"
"2288","1963","133"
"2289","1964","133"
"2290","1965","133"
"2291","1966","133"
"2292","1967","133"
"2293","1968","133"
"2294","1969","133"
"2295","1970","133"
"2296","1971","133"
"2297","1972","133"
"2298","1973","133"
"2299","1974","133"
"2300","1975","133"
"2301","1938","134"
"2302","1976","134"
"2303","1977","134"
"2304","1978","134"
"2305","1979","134"
"2306","1980","134"
"2307","1981","134"
"2308","1982","134"
"2309","1983","134"
"2310","1984","134"
"2311","1985","134"
"2312","1986","134"
"2313","1987","134"
"2314","1988","134"
"2315","1989","134"
"2316","1990","134"
"2317","1991","134"
"2318","1992","134"
"2319","1993","134"
"2320","1994","134"
"2321","1995","134"
"2322","1996","134"
"2323","1997","134"
"2324","1998","134"
"2325","1999","134"
"2326","2000","134"
"2327","2001","134"
"2328","2002","134"
"2329","2003","134"
"2330","2004","134"
"2331","2005","134"
"2332","2006","134"
"2333","2007","134"
"2334","2008","134"
"2335","2009","134"
"2336","2010","134"
"2337","2011","134"
"2338","2012","134"
"2339","2013","135"
"2340","2014","135"
"2341","2015","135"
"2342","2016","135"
"2343","2017","135"
"2344","2018","135"
"2345","2019","135"
"2346","2020","135"
"2347","2021","135"
"2348","2022","135"
"2349","2023","135"
"2350","2024","135"
"2351","2025","135"
"2352","2026","135"
"2353","2027","135"
"2354","2028","135"
"2355","2029","135"
"2356","2030","135"
"2357","2031","135"
"2358","2032","135"
"2359","2033","135"
"2360","2034","135"
"2361","2035","135"
"2362","2036","135"
"2363","2037","135"
"2364","2038","135"
"2365","2039","135"
"2366","2040","135"
"2367","2041","135"
"2368","2042","135"
"2369","2043","135"
"2370","2044","135"
"2371","2045","136"
"2372","2046","136"
"2373","2047","136"
"2374","2048","136"
"2375","2049","136"
"2376","2050","136"
"2377","2051","136"
"2378","2052","136"
"2379","2053","136"
"2380","2054","136"
"2381","2055","136"
"2382","2056","136"
"2383","2057","136"
"2384","2058","136"
"2385","2059","136"
"2386","2060","136"
"2387","2061","136"
"2388","2062","136"
"2389","2063","136"
"2390","2064","136"
"2391","2065","136"
"2392","2066","136"
"2393","2067","136"
"2394","2068","136"
"2395","2069","136"
"2396","2070","136"
"2397","2071","136"
"2398","2072","136"
"2399","2073","136"
"2400","2074","136"
"2401","2075","136"
"2402","2076","136"
"2403","2077","137"
"2404","2078","137"
"2405","2079","137"
"2406","2080","137"
"2407","2081","137"
"2408","2082","137"
"2409","2083","137"
"2410","2084","137"
"2411","2085","137"
"2412","2086","137"
"2413","2087","137"
"2414","2088","137"
"2415","2089","137"
"2416","2090","137"
"2417","2091","137"
"2418","2092","137"
"2419","2093","137"
"2420","2094","137"
"2421","2095","137"
"2422","2096","137"
"2423","2097","137"
"2424","2098","137"
"2425","2099","137"
"2426","2100","137"
"2427","2101","137"
"2428","2102","137"
"2429","2103","137"
"2430","2104","137"
"2431","2105","137"
"2432","2077","138"
"2433","2106","138"
"2434","2107","138"
"2435","2108","138"
"2436","2109","138"
"2437","2110","138"
"2438","2111","138"
"2439","2112","138"
"2440","2113","138"
"2441","2114","138"
"2442","2115","138"
"2443","2116","138"
"2444","2117","138"
"2445","2118","138"
"2446","2119","138"
"2447","2120","138"
"2448","2121","138"
"2449","2122","138"
"2450","2123","138"
"2451","2124","138"
"2452","2125","138"
"2453","2126","138"
"2454","2127","138"
"2455","2128","138"
"2456","2129","138"
"2457","2130","138"
"2458","2131","138"
"2459","2132","138"
"2460","2133","138"
"2461","2134","138"
"2462","2135","139"
"2463","2136","139"
"2464","2137","139"
"2465","2138","139"
"2466","2139","139"
"2467","2140","139"
"2468","2141","139"
"2469","2142","139"
"2470","2143","139"
"2471","2144","139"
"2472","2145","139"
"2473","2146","139"
"2474","2147","139"
"2475","2148","139"
"2476","2149","139"
"2477","2150","139"
"2478","2151","139"
"2479","2152","139"
"2480","2153","139"
"2481","2154","139"
"2482","2155","139"
"2483","2156","140"
"2484","2157","140"
"2485","2158","140"
"2486","2159","140"
"2487","2160","140"
"2488","2161","140"
"5021","1239","111"
"2490","2163","140"
"2491","2164","140"
"2492","2165","140"
"2493","2166","140"
"2494","2167","140"
"2495","2168","140"
"2496","2169","140"
"2497","2170","140"
"2498","2171","140"
"2499","2172","140"
"2500","2173","140"
"2501","2174","140"
"2502","2175","140"
"2503","2176","141"
"2504","2177","141"
"2505","2178","141"
"2506","2179","141"
"2507","2180","141"
"2508","2181","141"
"2509","2182","141"
"2510","2183","141"
"2511","2184","141"
"2512","2185","141"
"2513","2186","141"
"2514","2187","141"
"2515","2188","141"
"2516","2189","141"
"2517","2190","141"
"2518","2191","141"
"2519","2192","141"
"2520","2193","141"
"2521","2194","141"
"2522","2195","141"
"2523","2196","141"
"2524","2197","141"
"2525","2198","141"
"2526","2199","141"
"2527","2200","141"
"2528","2201","141"
"2529","2202","142"
"2530","2203","142"
"2531","2204","142"
"2532","2205","142"
"2533","2206","142"
"2534","2207","142"
"2535","2208","142"
"2536","2209","142"
"2537","2210","142"
"2538","2211","142"
"2539","2212","142"
"2540","2213","142"
"2541","2214","142"
"2542","2215","142"
"2543","2216","142"
"2544","2217","142"
"2545","2218","142"
"2546","2219","142"
"2547","2220","142"
"2548","2221","142"
"2549","2222","142"
"2550","2223","142"
"2551","2224","142"
"2552","2225","142"
"2553","2226","142"
"2554","2227","142"
"2555","2228","142"
"2556","2229","142"
"2557","2230","142"
"2558","2231","142"
"2559","2232","142"
"5064","1294","112"
"5083","1232","111"
"5102","1287","112"
"2588","2261","143"
"2589","2262","143"
"2590","2263","143"
"2591","2264","143"
"2592","2265","143"
"2593","2266","143"
"2594","2267","143"
"2595","2268","143"
"2596","2269","143"
"2597","2270","143"
"2598","2271","143"
"2599","2272","143"
"2600","2273","143"
"2601","2274","143"
"2602","2275","143"
"2603","2276","143"
"2604","2277","143"
"2605","2278","143"
"2606","2279","143"
"2607","2280","143"
"2608","2281","143"
"2609","2282","143"
"2610","2283","143"
"2611","2284","144"
"2612","2285","144"
"2613","2286","144"
"2614","2287","144"
"2616","2289","144"
"2617","2290","144"
"2618","2291","144"
"2619","2292","144"
"2621","2294","144"
"2625","2298","113"
"2626","2299","145"
"2627","2300","145"
"2628","2301","145"
"2629","2302","145"
"2630","2303","145"
"2631","2304","145"
"2632","2305","145"
"2633","2306","145"
"2634","2307","145"
"2635","2308","145"
"2636","2309","145"
"2637","2310","146"
"2638","2311","146"
"2639","2312","146"
"2640","2313","146"
"2641","2314","146"
"2642","2315","146"
"2643","2316","146"
"2644","2317","146"
"2645","2318","146"
"2646","2319","146"
"2647","2320","146"
"2648","2321","2"
"2649","2322","61"
"2650","2323","147"
"2651","2324","147"
"2652","2325","148"
"2653","2326","148"
"2656","2328","149"
"2657","2329","149"
"2658","2331","62"
"2659","2332","133"
"2660","1775","150"
"2661","2333","150"
"2662","2202","151"
"2663","2260","151"
"2664","2259","151"
"2665","2258","151"
"2666","2257","151"
"2667","2256","151"
"2668","2255","151"
"2669","2254","151"
"2670","2253","151"
"2671","2252","151"
"2672","2251","151"
"2673","2250","151"
"2674","2249","151"
"2675","2248","151"
"2676","2247","151"
"2677","2246","151"
"2678","2245","151"
"2679","2244","151"
"2680","2243","151"
"2681","2242","151"
"2682","2241","151"
"2683","2240","151"
"2684","2239","151"
"2685","2238","151"
"2686","2237","151"
"2687","2236","151"
"2688","2235","151"
"2689","2234","151"
"2690","2233","151"
"2691","2334","135"
"2693","2335","152"
"2694","2336","152"
"2695","2337","152"
"2696","2338","152"
"2697","2339","152"
"2698","2340","152"
"2699","2341","152"
"2700","2342","152"
"2701","2343","152"
"2702","2344","152"
"2703","2345","152"
"2704","2346","152"
"2705","2347","152"
"2706","2348","152"
"2707","2349","152"
"2708","2350","152"
"2709","2351","152"
"2710","2352","152"
"2711","2353","152"
"2712","2354","152"
"2713","2355","152"
"2714","2356","152"
"2715","2357","152"
"2716","2358","152"
"2717","2359","152"
"2718","2360","152"
"2719","2361","152"
"2720","2362","152"
"2721","2363","152"
"2722","2364","152"
"2723","2365","152"
"2724","2366","152"
"2725","2367","152"
"2726","2368","152"
"2727","2369","152"
"2728","2370","152"
"2729","2371","152"
"2730","2372","152"
"2731","2373","152"
"2732","2374","152"
"2733","2375","152"
"2734","2376","152"
"2735","2377","152"
"2736","2378","152"
"2737","2379","152"
"2738","2380","152"
"2739","2381","152"
"2740","2382","152"
"2741","2383","152"
"2742","2384","152"
"2744","2386","153"
"5065","1292","112"
"5084","1230","111"
"5103","1285","112"
"2784","2425","145"
"2785","2426","145"
"2816","2454","157"
"2817","2455","157"
"2818","2456","157"
"2819","2457","157"
"2820","2458","157"
"2821","2459","157"
"2822","2460","157"
"2823","2461","157"
"2824","2462","157"
"2825","2463","157"
"2826","2464","157"
"2827","2465","157"
"2828","2466","157"
"2829","2467","157"
"2830","2468","157"
"2831","2469","157"
"2832","2470","157"
"2833","2471","157"
"2834","2472","157"
"2835","2473","157"
"2836","2474","157"
"2837","2475","157"
"2838","2476","157"
"2839","2477","157"
"2840","2478","157"
"2841","2479","157"
"2842","2480","157"
"2843","2481","157"
"2844","2482","157"
"2845","2483","157"
"2846","2484","157"
"2847","2485","157"
"2848","2486","157"
"2849","2487","157"
"2850","2488","157"
"2851","2489","157"
"2852","2490","157"
"2853","2491","157"
"2854","2492","157"
"2855","2493","157"
"2856","2494","156"
"2857","2495","156"
"2859","2497","156"
"2860","2498","156"
"2861","2499","156"
"2862","2500","156"
"2863","2501","156"
"2864","2502","156"
"2865","2503","156"
"2866","2504","156"
"2867","2505","156"
"2868","2506","156"
"2869","2507","156"
"2870","2508","156"
"2871","2509","156"
"2872","2510","156"
"2873","2511","156"
"2874","2512","156"
"2875","2513","156"
"2876","2514","156"
"2877","2515","156"
"2878","2516","156"
"2879","2517","156"
"2880","2518","156"
"2881","2519","156"
"2882","2520","156"
"2883","2521","156"
"2884","2522","156"
"2885","2523","156"
"2886","2524","156"
"2887","2525","156"
"2888","2526","156"
"2889","2527","156"
"2890","2528","156"
"2891","2529","156"
"2893","2531","156"
"2894","2532","156"
"2895","2533","156"
"2898","2536","156"
"2899","2537","156"
"2900","2538","156"
"2901","2539","156"
"2902","2540","156"
"2903","2541","156"
"2904","2542","156"
"2905","2543","156"
"2907","2545","156"
"2908","2546","156"
"2910","2548","156"
"2911","2549","156"
"2912","2550","156"
"2913","2551","156"
"2782","2424","158"
"2781","2423","158"
"2780","2422","158"
"2779","2421","158"
"2778","2420","158"
"2777","2419","158"
"2776","2418","158"
"2775","2417","158"
"2774","2416","158"
"2773","2415","158"
"2772","2414","158"
"2771","2413","158"
"2770","2412","158"
"2769","2411","158"
"2768","2410","158"
"2914","2552","156"
"2915","2553","156"
"2916","2554","156"
"2917","2555","156"
"2918","2556","156"
"2919","2557","156"
"2920","2558","156"
"2921","2559","156"
"2922","2560","156"
"2923","2439","89"
"2924","2440","89"
"2925","2441","89"
"2926","2442","89"
"2927","2443","89"
"2928","2444","89"
"2929","2445","89"
"2930","2446","89"
"2931","2447","89"
"2933","2453","89"
"2934","2452","89"
"2935","2451","89"
"2936","2450","89"
"2937","2449","89"
"2940","1670","90"
"2941","273","89"
"2767","2409","158"
"2766","2408","158"
"2765","2407","158"
"2764","2406","158"
"2763","2405","158"
"2762","2404","158"
"2761","2403","158"
"2760","2402","158"
"2759","2401","158"
"2758","2400","158"
"2757","2399","158"
"2756","2398","158"
"2755","2397","158"
"2754","2396","158"
"2753","2395","158"
"2752","2394","158"
"2751","2393","158"
"2750","2392","158"
"2749","2391","158"
"2748","2390","158"
"2747","2389","158"
"2746","2388","158"
"2745","2387","158"
"2942","2562","154"
"2943","2563","154"
"2944","2564","154"
"2945","2565","154"
"2946","2566","154"
"2947","2567","154"
"2948","2568","154"
"2949","2569","154"
"2950","2570","154"
"2951","2571","154"
"2952","2572","154"
"2953","2573","154"
"2954","2574","154"
"2955","2575","154"
"2956","2576","154"
"2957","2577","154"
"2958","2578","154"
"2959","2579","154"
"2960","2580","154"
"2961","2581","154"
"2962","2582","154"
"2963","2583","154"
"2964","2584","154"
"2965","2585","154"
"2966","2586","154"
"2967","2587","154"
"2968","2588","154"
"2969","2589","154"
"2970","2590","154"
"2971","2591","154"
"2972","2592","154"
"2973","2593","154"
"5066","1290","112"
"2975","2595","154"
"2976","2596","154"
"2977","2597","154"
"2978","2598","154"
"5085","1228","111"
"2980","920","154"
"2981","2448","154"
"2982","2437","90"
"2983","2436","90"
"2984","2435","90"
"2985","2434","90"
"2986","2433","90"
"2987","2432","90"
"2988","2431","90"
"2989","2430","90"
"2990","2429","90"
"2991","2428","90"
"2992","2427","90"
"2993","2600","155"
"2994","2601","155"
"2995","2602","155"
"2996","2603","155"
"2997","2604","155"
"2998","2605","155"
"2999","2606","155"
"3000","2607","155"
"3001","2608","155"
"3002","2609","155"
"3003","2610","155"
"3004","2600","149"
"3005","2600","145"
"3006","2611","1"
"3007","2612","149"
"3008","2613","149"
"3009","2614","149"
"3010","2615","149"
"3011","2616","149"
"3012","2617","149"
"3013","2618","149"
"3014","2619","149"
"3015","2620","149"
"3016","2621","149"
"3017","2622","159"
"3018","2623","159"
"3019","2624","159"
"3020","2625","159"
"3021","2626","159"
"3022","2627","159"
"3023","2628","159"
"3024","2629","159"
"3025","2630","159"
"3026","2631","159"
"3027","2632","159"
"3028","2622","160"
"3029","2633","160"
"3030","2634","160"
"3031","2635","160"
"3032","2636","160"
"3033","2637","160"
"3034","2638","160"
"3035","2639","160"
"3036","2640","160"
"3037","2641","160"
"3038","2642","160"
"3039","2643","160"
"3040","2644","160"
"3041","2645","160"
"3042","2646","160"
"3043","2647","160"
"3044","2648","160"
"3045","2649","160"
"3046","2650","160"
"3047","2651","160"
"3048","2652","160"
"3049","2622","161"
"3050","2653","161"
"3051","2654","161"
"3052","2655","161"
"3053","2656","161"
"3054","2657","161"
"3055","2658","161"
"3056","2659","161"
"3057","2660","161"
"3058","2661","161"
"3059","2662","161"
"3060","2663","162"
"3061","2664","162"
"3062","2665","162"
"3063","2666","162"
"3064","2667","162"
"3065","2668","162"
"3066","2669","162"
"3067","2670","162"
"3068","2671","162"
"3069","2672","162"
"3070","2673","162"
"3071","2663","163"
"3072","2674","163"
"3073","2675","163"
"3074","2676","163"
"3075","2677","163"
"3076","2678","163"
"3077","2679","163"
"3078","2680","163"
"3079","2681","163"
"3080","2682","163"
"3081","2683","163"
"3082","2663","164"
"3083","2684","164"
"3084","2685","164"
"3085","2686","164"
"3086","2687","164"
"3087","2688","164"
"3088","2689","164"
"3089","2690","164"
"3090","2691","164"
"3091","2692","164"
"3092","2693","164"
"3093","2694","165"
"3094","2695","165"
"3095","2696","165"
"3096","2697","165"
"3097","2698","165"
"3098","2699","165"
"3099","2700","165"
"3100","2701","165"
"3101","2702","165"
"3102","2703","165"
"3103","2704","165"
"3105","2705","166"
"3106","2706","166"
"3107","2707","166"
"3108","2708","166"
"3109","2709","166"
"3110","2710","166"
"3111","2711","166"
"3112","2712","166"
"3113","2713","166"
"3114","2714","166"
"3116","2715","167"
"3117","2716","167"
"3118","2717","167"
"3119","2718","167"
"3120","2719","167"
"3121","2720","167"
"3122","2721","167"
"3123","2722","167"
"3124","2723","167"
"3125","2724","167"
"3126","2725","168"
"3127","2726","168"
"3128","2727","128"
"3129","2728","169"
"3130","2729","169"
"3131","2730","169"
"3132","2731","169"
"3133","2732","169"
"3134","2733","169"
"3135","2734","169"
"3136","2735","169"
"3137","2736","169"
"3138","2737","169"
"3139","2738","169"
"3140","2739","169"
"3141","2740","169"
"3142","2741","169"
"3143","2742","169"
"3144","2743","169"
"3145","2744","169"
"3146","2745","169"
"3147","2746","169"
"3148","2747","169"
"3149","2748","169"
"3150","2749","169"
"3151","2750","169"
"3152","2751","169"
"3153","2752","169"
"3154","2753","169"
"3155","2754","169"
"3156","2755","169"
"3157","2756","169"
"3158","2757","169"
"3159","2758","169"
"3160","2759","169"
"3161","2760","169"
"3162","2761","169"
"3163","2762","169"
"3164","2763","169"
"3165","2764","169"
"3166","2765","169"
"3167","2766","169"
"3168","2767","169"
"3169","2768","169"
"3170","2769","169"
"3171","2770","169"
"3172","2771","169"
"3173","2772","169"
"3174","2773","169"
"3175","2774","169"
"3176","2775","169"
"3177","2776","169"
"3178","2777","169"
"3179","2778","169"
"3180","2779","169"
"3181","2780","169"
"3182","2781","169"
"3183","2782","169"
"3184","2783","169"
"3185","2784","169"
"3186","2785","169"
"3187","2786","169"
"3188","2787","169"
"3189","2788","169"
"3190","623","45"
"3191","622","45"
"668","570","57"
"669","571","57"
"670","572","57"
"671","573","57"
"672","574","57"
"673","575","57"
"674","576","57"
"675","577","57"
"676","578","57"
"677","579","57"
"678","580","57"
"679","581","57"
"680","582","57"
"681","583","57"
"682","584","57"
"683","585","57"
"684","586","57"
"685","587","57"
"686","588","57"
"687","589","57"
"688","590","57"
"689","591","57"
"690","592","57"
"691","593","57"
"692","594","57"
"693","595","57"
"694","596","57"
"695","597","57"
"696","598","57"
"697","599","57"
"698","600","57"
"699","601","57"
"700","602","57"
"701","603","57"
"702","604","57"
"703","605","57"
"704","606","57"
"705","607","57"
"706","608","57"
"707","609","57"
"708","610","57"
"709","611","57"
"710","612","57"
"711","613","57"
"712","614","57"
"713","615","57"
"714","616","57"
"715","617","57"
"716","618","57"
"717","619","57"
"718","620","57"
"724","625","58"
"725","626","58"
"726","627","58"
"727","628","58"
"728","629","58"
"729","630","58"
"730","631","58"
"731","632","58"
"732","633","58"
"733","634","58"
"734","635","58"
"735","636","58"
"736","637","58"
"737","638","58"
"738","639","58"
"739","640","58"
"740","641","58"
"741","642","58"
"742","643","58"
"743","644","58"
"744","645","58"
"745","646","58"
"746","647","58"
"747","648","58"
"748","649","58"
"749","650","58"
"750","651","58"
"751","652","58"
"752","653","58"
"753","654","58"
"754","655","58"
"755","656","58"
"756","657","58"
"757","658","58"
"758","659","58"
"759","660","58"
"760","661","58"
"761","662","58"
"762","663","58"
"763","664","58"
"764","665","58"
"765","666","58"
"766","667","58"
"767","668","58"
"768","669","58"
"769","670","58"
"770","671","58"
"771","672","58"
"772","673","58"
"773","674","58"
"774","675","58"
"3192","2789","84"
"3193","2790","84"
"3194","2791","84"
"3195","2792","84"
"3196","2793","84"
"3197","2794","84"
"3198","2795","84"
"3199","2796","84"
"3200","2797","84"
"3201","2798","84"
"3202","2799","84"
"3203","2800","84"
"3204","2801","84"
"3205","2802","84"
"3206","2803","84"
"3207","2804","84"
"3208","2805","84"
"3209","2806","84"
"3210","2807","84"
"3211","2808","84"
"3212","2809","84"
"3213","2810","84"
"3214","2811","84"
"3215","2812","84"
"3216","2813","84"
"3217","2814","84"
"3218","2815","84"
"3219","2816","84"
"3220","2817","84"
"3221","2818","84"
"3222","2819","84"
"3223","2820","84"
"3224","2821","84"
"3225","2822","84"
"3226","2823","84"
"3227","2824","84"
"3228","2825","84"
"3229","2826","84"
"3230","2827","84"
"3231","2828","84"
"3232","2829","84"
"3233","2830","84"
"3234","2831","84"
"3235","2832","84"
"3236","2833","84"
"3237","2834","84"
"3238","2835","84"
"3239","2836","84"
"3240","2837","84"
"3241","2838","84"
"3242","2839","84"
"3243","2840","84"
"5067","1288","112"
"5086","1226","111"
"5104","1283","112"
"5068","1286","112"
"5087","1224","111"
"5105","1281","112"
"3448","3045","85"
"3449","3046","85"
"3450","3047","85"
"3451","3048","85"
"3452","3049","85"
"3453","3050","85"
"3454","3051","85"
"3455","3052","85"
"3456","3053","85"
"3457","3054","85"
"3458","3055","85"
"3459","3056","85"
"3460","3057","85"
"3461","3058","85"
"3462","3059","85"
"3463","3060","85"
"3464","3061","85"
"3465","3062","85"
"3466","3063","85"
"3467","3064","85"
"3468","3065","85"
"3469","3066","85"
"3470","3067","85"
"3471","3068","85"
"3472","3069","85"
"3473","3070","85"
"3474","3071","85"
"3475","3072","85"
"3476","3073","85"
"3477","3074","85"
"3478","3075","85"
"3479","3076","85"
"3480","3077","85"
"3481","3078","85"
"3482","3079","85"
"3483","3080","85"
"3484","3081","85"
"3485","3082","85"
"3486","3083","85"
"3487","3084","85"
"3488","3085","85"
"3489","3086","85"
"3490","3087","85"
"3491","3088","85"
"3492","3089","85"
"3493","3090","85"
"3494","3091","85"
"3495","3092","85"
"3496","3093","85"
"3497","3094","85"
"3498","3095","85"
"3499","3096","85"
"3500","3097","82"
"3501","3098","82"
"3502","3099","82"
"3503","3100","82"
"3504","3101","82"
"3505","3102","82"
"3506","3103","82"
"3507","3104","82"
"3508","3105","82"
"3509","3106","82"
"3510","3107","82"
"3511","3108","82"
"3512","3109","82"
"3513","3110","82"
"3514","3111","82"
"3515","3112","82"
"3516","3113","82"
"3517","3114","82"
"3518","3115","82"
"3519","3116","82"
"3520","3117","82"
"3521","3118","82"
"3522","3119","82"
"3523","3120","82"
"3524","3121","82"
"3525","3122","82"
"3526","3123","82"
"3527","3124","82"
"3528","3125","82"
"3529","3126","82"
"3530","3127","82"
"3531","3128","82"
"3532","3129","82"
"3533","3130","82"
"3534","3131","82"
"3535","3132","82"
"3536","3133","82"
"3537","3134","82"
"3538","3135","82"
"3539","3136","82"
"3540","3137","82"
"3541","3138","82"
"3542","3139","82"
"3543","3140","82"
"3544","3141","82"
"3545","3142","82"
"3546","3143","82"
"3547","3144","82"
"3548","3145","82"
"3549","3146","82"
"3550","3147","82"
"3551","3148","82"
"3552","3149","82"
"3553","3150","82"
"3554","3151","82"
"3555","3152","82"
"3556","3153","83"
"3557","3154","83"
"3558","3155","83"
"3559","3156","83"
"3560","3157","83"
"3561","3158","83"
"3562","3159","83"
"3563","3160","83"
"3564","3161","83"
"3565","3162","83"
"3566","3163","83"
"3567","3164","83"
"3568","3165","83"
"3569","3166","83"
"3570","3167","83"
"3571","3168","83"
"3572","3169","83"
"3573","3170","83"
"3574","3171","83"
"3575","3172","83"
"3576","3173","83"
"3577","3174","83"
"3578","3175","83"
"3579","3176","83"
"3580","3177","83"
"3581","3178","83"
"3582","3179","83"
"3583","3180","83"
"3584","3181","83"
"3585","3182","83"
"3586","3183","83"
"3587","3184","83"
"3588","3185","83"
"3589","3186","83"
"3590","3187","83"
"3591","3188","83"
"3592","3189","83"
"3593","3190","83"
"3594","3191","83"
"3595","3192","83"
"3596","3193","83"
"3597","3194","83"
"3598","3195","83"
"3599","3196","83"
"3600","3197","83"
"3601","3198","83"
"3602","3199","83"
"3603","3200","83"
"3604","3201","83"
"3605","3202","83"
"3606","3203","83"
"3607","3204","83"
"3608","3205","83"
"3609","3206","83"
"3610","3207","83"
"3611","3208","83"
"3612","3209","168"
"3613","3210","168"
"3614","3211","168"
"3615","3212","168"
"3616","3213","168"
"3617","3214","168"
"3618","3215","168"
"3619","3216","168"
"3620","3217","168"
"3621","3218","168"
"3622","3219","152"
"3624","3221","170"
"3625","3222","170"
"3626","3223","170"
"3627","3224","170"
"3628","3225","170"
"3629","3226","170"
"3630","3227","170"
"3631","3228","170"
"3632","3229","170"
"3633","3230","170"
"3635","3232","171"
"3636","3233","171"
"3637","3234","171"
"3638","3235","171"
"3639","3236","171"
"3640","3237","171"
"3641","3238","171"
"3642","3239","171"
"3643","3240","171"
"3644","3241","171"
"3645","3242","172"
"3646","3243","172"
"3647","3244","172"
"3648","3245","172"
"3649","3246","172"
"3650","3247","172"
"3651","3248","172"
"3652","3249","172"
"3653","3250","172"
"3654","3251","172"
"3655","3252","172"
"3656","2600","166"
"3657","3253","69"
"5069","4427","111"
"3659","2327","145"
"3660","2438","145"
"3661","3254","173"
"3662","3255","173"
"3663","3256","173"
"3664","3257","173"
"3665","3258","173"
"3666","3259","173"
"3667","3260","173"
"3668","3261","173"
"3669","3262","173"
"3670","3263","173"
"3671","3264","173"
"3672","3265","173"
"3673","3266","173"
"3674","3267","173"
"3675","3268","173"
"3676","3269","173"
"3677","3270","173"
"3678","3271","173"
"3679","3272","173"
"3680","3273","173"
"3681","3274","173"
"3682","3275","173"
"3683","3276","173"
"3684","3277","173"
"3685","3278","173"
"5088","1222","111"
"5106","1279","112"
"5070","4425","111"
"5089","1220","111"
"5107","1277","112"
"3812","3405","176"
"3813","3406","176"
"3814","3407","176"
"3815","3408","176"
"3816","3409","176"
"3817","3410","176"
"3818","3411","176"
"3819","3412","176"
"3820","3413","176"
"3821","3414","176"
"3822","3415","176"
"3823","3416","176"
"3824","3417","176"
"3825","3418","176"
"3826","3419","176"
"3827","3420","176"
"3828","3421","176"
"3829","3422","176"
"3830","3423","176"
"3831","3424","176"
"3832","3425","176"
"3833","3426","176"
"3834","3427","176"
"3835","3428","176"
"3836","3429","176"
"3837","3430","176"
"3838","3431","176"
"3839","3432","176"
"3840","3433","176"
"3841","3434","176"
"3842","3435","176"
"3843","3436","176"
"3844","3437","176"
"3845","3438","176"
"3846","3439","176"
"3847","3440","176"
"3848","3441","176"
"3849","3442","176"
"3850","3443","176"
"3851","3444","176"
"3852","3445","176"
"3853","3446","176"
"3854","3447","176"
"3855","3448","176"
"3856","3449","176"
"3857","3450","176"
"3858","3451","177"
"3859","3452","177"
"3860","3453","177"
"3861","3454","177"
"3862","3455","177"
"3863","3456","177"
"3864","3457","177"
"3865","3458","177"
"3866","3459","177"
"3867","3460","177"
"3868","3461","177"
"3869","3462","177"
"3870","3463","177"
"3871","3464","177"
"3872","3465","177"
"3873","3466","177"
"3874","3467","177"
"3875","3468","177"
"3876","3469","177"
"3877","3470","177"
"3878","3471","177"
"3879","3472","177"
"3880","3473","177"
"3881","3474","177"
"3882","3475","177"
"3883","3476","177"
"3884","3477","177"
"3885","3478","177"
"3886","3479","177"
"3887","3480","177"
"3888","3481","177"
"3889","3482","177"
"3890","3483","177"
"3891","3484","177"
"3892","3485","177"
"3893","3486","177"
"3894","3487","177"
"3895","3488","177"
"3896","3489","177"
"3897","3490","177"
"3898","3491","177"
"3899","3492","177"
"3900","3493","177"
"3901","3494","177"
"3902","3495","177"
"5071","1258","111"
"5090","1218","111"
"5108","1275","112"
"3958","3551","177"
"3959","3552","177"
"3960","3553","177"
"3961","3554","177"
"3962","3555","177"
"3963","3556","177"
"3964","3557","177"
"3965","3558","177"
"3966","3559","177"
"3967","3560","177"
"3968","3561","178"
"3969","3562","178"
"3970","3563","178"
"3971","3564","178"
"3972","3565","178"
"3973","3566","178"
"3974","3567","178"
"3975","3568","178"
"3976","3569","178"
"3977","3570","178"
"3978","3571","178"
"3979","3572","178"
"3980","3573","178"
"3981","3574","178"
"3982","3575","178"
"3983","3576","178"
"3984","3577","178"
"3985","3578","178"
"3986","3579","178"
"3987","3580","178"
"3988","3581","178"
"3989","3582","178"
"3990","3583","178"
"3991","3584","178"
"3992","3585","178"
"3993","3586","178"
"3994","3587","178"
"3995","3588","178"
"3996","3589","178"
"3997","3590","178"
"3998","3591","178"
"3999","3592","178"
"4000","3593","179"
"4001","3594","179"
"4002","3595","179"
"4003","3596","179"
"4004","3597","179"
"4005","3598","179"
"4006","3599","179"
"4007","3600","179"
"4008","3601","179"
"4009","3602","179"
"4010","3603","179"
"4011","3604","179"
"4012","3605","179"
"4013","3606","179"
"4014","3607","179"
"4015","3608","179"
"4016","3609","179"
"4017","3610","179"
"4018","3611","179"
"4019","3612","179"
"4020","3613","179"
"4021","3614","179"
"4022","3615","179"
"4023","3616","179"
"4024","3617","179"
"4025","3618","179"
"4026","3619","179"
"4027","3620","179"
"4028","3621","179"
"4029","3622","179"
"4030","3623","180"
"4031","3624","180"
"4032","3625","180"
"4033","3626","180"
"4034","3627","180"
"4035","3628","180"
"4036","3629","180"
"4037","3630","180"
"4038","3631","180"
"4039","3632","180"
"4040","3633","180"
"4041","3634","180"
"4042","3635","180"
"4043","3636","180"
"4044","3637","180"
"4045","3638","180"
"4046","3639","180"
"4047","3640","180"
"4048","3641","180"
"4049","3642","180"
"4050","3643","180"
"4051","3644","180"
"4052","3645","180"
"4053","3646","180"
"4054","3647","180"
"4055","3648","180"
"4056","3649","180"
"4057","3650","180"
"4058","3651","180"
"4059","3652","180"
"4060","3653","180"
"4061","3654","180"
"4062","3655","180"
"4063","3656","180"
"4064","3657","180"
"4065","3658","180"
"4066","3659","180"
"4067","3660","180"
"4068","3661","180"
"4069","3662","180"
"4070","3663","180"
"4071","3664","180"
"4072","3665","180"
"4073","3666","180"
"4074","3667","180"
"4075","3668","180"
"4076","3669","180"
"4077","3670","180"
"4078","3671","180"
"4079","3672","180"
"4080","3673","180"
"4081","3674","180"
"4082","3675","180"
"4083","3676","180"
"4084","3677","180"
"4085","3678","180"
"4086","3679","180"
"4087","3680","180"
"4088","3681","181"
"4089","3682","181"
"4090","3683","181"
"4091","3684","181"
"4092","3685","181"
"4093","3686","181"
"4094","3687","181"
"4095","3688","181"
"4096","3689","181"
"4097","3690","181"
"4098","3691","181"
"4099","3692","181"
"4100","3693","181"
"4101","3694","181"
"4102","3695","181"
"4103","3696","181"
"4104","3697","181"
"4105","3698","181"
"4106","3699","181"
"4107","3700","181"
"4108","3701","181"
"4109","3702","181"
"4110","3703","181"
"4111","3704","181"
"4112","3705","181"
"4113","3706","182"
"4114","3707","182"
"4115","3708","182"
"4116","3709","182"
"4117","3710","182"
"4118","3711","182"
"4119","3712","182"
"4120","3713","182"
"4121","3714","182"
"4122","3715","182"
"4123","3716","182"
"4124","3717","182"
"4125","3718","182"
"4126","3719","182"
"4127","3720","182"
"4128","3721","182"
"4129","3722","182"
"4130","3723","182"
"4131","3724","182"
"4132","3725","182"
"4133","3726","182"
"4134","3727","182"
"4135","3728","182"
"4136","3729","182"
"4137","3730","182"
"4138","3731","183"
"4139","3732","183"
"4140","3733","183"
"4141","3734","183"
"4142","3735","183"
"4143","3736","183"
"4144","3737","183"
"4145","3738","183"
"4146","3739","183"
"4147","3740","183"
"4148","3741","183"
"4149","3742","183"
"4150","3743","183"
"4151","3744","183"
"4152","3745","183"
"4153","3746","183"
"4154","3747","183"
"4155","3748","183"
"4156","3749","183"
"4157","3750","183"
"4158","3751","183"
"4159","3752","183"
"4160","3753","183"
"4161","3754","183"
"4162","3755","183"
"4163","3756","183"
"4164","3757","183"
"4165","3758","183"
"4166","3759","183"
"4167","3760","183"
"4168","3761","183"
"4169","3762","183"
"4170","3763","183"
"4171","3764","183"
"4172","3765","183"
"4173","3766","183"
"4174","3767","183"
"4175","3768","183"
"4177","3770","183"
"4178","3771","184"
"4179","3772","184"
"4180","3773","184"
"4181","3774","184"
"4182","3775","184"
"4183","3776","184"
"4184","3777","184"
"4185","3778","184"
"4186","3779","184"
"4187","3780","184"
"4188","3781","184"
"4189","3782","184"
"4190","3783","184"
"4191","3784","184"
"4192","3785","184"
"4193","3786","184"
"4194","3787","184"
"4196","3789","184"
"4197","3790","184"
"4198","3791","184"
"4199","3792","184"
"4200","3793","184"
"4201","3794","184"
"4202","3795","184"
"4203","3796","184"
"4204","3797","184"
"4205","3798","184"
"4206","3799","184"
"4207","3800","184"
"4208","3801","184"
"4209","3802","184"
"4210","3803","184"
"4211","3804","184"
"4212","3805","184"
"4213","3806","184"
"4214","3807","184"
"4215","3808","184"
"4216","3809","184"
"5072","1256","111"
"5091","1216","111"
"4219","3811","185"
"4220","3812","185"
"4221","3813","185"
"4222","3814","185"
"4223","3815","185"
"4224","3816","185"
"4225","3817","185"
"4226","3818","185"
"4227","3819","185"
"4228","3820","185"
"4229","3821","185"
"4230","3822","185"
"4231","3823","185"
"4232","3824","185"
"5109","1273","112"
"4234","3826","185"
"4235","3827","185"
"4236","3828","185"
"4237","3829","185"
"4238","3830","185"
"4239","3831","185"
"4241","3833","185"
"4242","3834","185"
"4243","3835","185"
"4244","3836","185"
"4245","3837","185"
"4246","3838","185"
"4247","3839","185"
"4248","3840","185"
"4249","3841","185"
"4250","3842","185"
"4251","3843","185"
"4252","3844","185"
"4253","3845","185"
"4255","3847","185"
"4256","3848","185"
"4257","3849","185"
"4258","3850","185"
"4259","3851","185"
"4260","3852","185"
"4261","3853","185"
"4262","3854","185"
"4263","3855","185"
"4264","3856","185"
"4265","3857","185"
"4267","3859","185"
"4268","3860","185"
"4269","3861","185"
"4273","3862","104"
"4274","3863","183"
"4275","3864","183"
"4276","3865","184"
"4277","3866","105"
"4278","3867","105"
"4279","3868","104"
"4280","3869","152"
"4281","3788","186"
"4283","1067","186"
"4284","1081","186"
"4285","3825","186"
"4286","3832","186"
"4287","3846","186"
"4288","3858","186"
"4289","1348","186"
"4290","2385","186"
"4291","2594","186"
"4292","2599","186"
"4293","3770","184"
"4294","3769","184"
"4295","3870","183"
"4296","3871","193"
"4297","3872","193"
"4298","3873","193"
"4299","3874","193"
"4300","3875","193"
"4301","3876","193"
"4302","3877","193"
"4303","3878","193"
"4304","3879","193"
"4305","3880","193"
"4306","3881","193"
"4307","3882","193"
"4308","3883","193"
"4309","3884","193"
"4310","3885","193"
"4311","3886","193"
"4312","3887","193"
"4313","3888","193"
"4314","3889","193"
"4315","3890","193"
"4316","3891","193"
"4317","3892","193"
"4318","3893","193"
"4319","3894","193"
"4320","3895","193"
"4321","3896","193"
"4322","3897","193"
"4323","3898","193"
"4324","3899","193"
"4325","3900","193"
"4326","3901","193"
"4327","3902","193"
"4328","3903","193"
"4329","3904","193"
"4330","3905","193"
"4331","3906","193"
"4332","3907","193"
"4333","3908","193"
"4334","3909","193"
"4335","3910","193"
"4336","3911","193"
"4337","3912","193"
"4338","3913","193"
"4339","3914","193"
"4340","3915","193"
"4341","3916","193"
"4342","2560","193"
"4343","2530","193"
"4344","2534","193"
"4345","2535","193"
"4346","2496","193"
"4347","2544","193"
"4348","2547","193"
"4350","3917","194"
"4351","3918","103"
"4352","3919","194"
"5073","1254","111"
"5092","4441","112"
"5110","1271","112"
"4361","3220","170"
"4362","3924","199"
"4363","3925","198"
"4364","3926","197"
"4365","1878","186"
"4366","1857","186"
"4367","2162","186"
"4368","1758","186"
"4369","2295","186"
"4370","2297","186"
"4371","2293","186"
"4372","2296","186"
"4373","2288","186"
"4374","3927","133"
"4375","3928","130"
"4376","3929","137"
"4377","3930","139"
"4378","3931","141"
"4379","3932","141"
"4380","3933","141"
"4381","3934","141"
"4382","3935","141"
"4383","3936","141"
"4384","3937","200"
"4385","3938","200"
"4386","3939","200"
"4387","3940","200"
"4388","3941","200"
"4389","3942","200"
"4390","3943","200"
"4391","3944","200"
"4392","3945","200"
"4393","3946","200"
"4394","3947","200"
"4395","3948","200"
"4396","3949","200"
"4397","3950","200"
"4398","3951","200"
"4399","3952","200"
"4400","3953","200"
"4401","3954","200"
"4402","3955","200"
"4403","3956","200"
"4404","3957","200"
"4405","3958","200"
"4406","3959","200"
"4407","3960","200"
"4408","3961","200"
"4409","3962","200"
"4410","3963","200"
"4411","3964","200"
"4412","3965","200"
"4413","3966","200"
"4414","3967","200"
"4415","3968","200"
"4416","3969","200"
"4417","3970","200"
"4418","3971","177"
"4419","1835","131"
"4420","1835","130"
"4421","1835","132"
"4422","2600","201"
"4423","2600","202"
"4424","2600","203"
"4425","3972","201"
"4426","3973","201"
"4427","3974","201"
"4428","3975","201"
"4429","3976","201"
"4430","3977","201"
"4431","3978","201"
"4432","3979","201"
"4433","3980","201"
"4434","3981","201"
"4435","3982","202"
"4436","3983","202"
"4437","3984","202"
"4438","3985","202"
"4439","3986","202"
"4440","3987","202"
"4441","3988","202"
"4442","3989","202"
"4443","3990","202"
"4444","3991","202"
"4445","3992","203"
"4446","3993","203"
"4447","3994","203"
"4448","3995","203"
"4449","3996","203"
"4450","3997","203"
"4451","3998","203"
"4452","3999","203"
"4453","4000","203"
"4454","4001","203"
"4455","4002","204"
"4456","4003","204"
"4457","4004","204"
"4458","4005","204"
"4459","4006","204"
"4460","4007","204"
"4461","4008","204"
"4462","4009","204"
"4463","4010","204"
"4464","4011","204"
"4465","4012","204"
"4466","4013","204"
"4467","4014","204"
"4468","4015","204"
"4469","4016","204"
"4470","4017","204"
"4471","4018","204"
"4472","4019","204"
"4473","4020","204"
"4474","4021","204"
"4475","4022","204"
"4476","4023","204"
"4477","4024","204"
"5074","1252","111"
"5093","4429","112"
"5111","1269","112"
"4498","4045","217"
"4499","4046","217"
"4500","4047","217"
"4501","4048","217"
"4502","4049","217"
"4503","4050","217"
"4504","4051","217"
"4505","4052","217"
"4506","4053","217"
"4507","4054","217"
"4508","4055","217"
"4509","4056","217"
"4510","4057","217"
"4511","4058","217"
"4512","4059","217"
"4513","4060","217"
"4514","4061","217"
"4515","4062","217"
"4516","4063","217"
"4517","4064","217"
"4518","4065","217"
"4519","4066","217"
"4520","4067","217"
"4521","4068","217"
"4522","4069","217"
"4523","4070","217"
"4524","4071","217"
"4525","4072","217"
"4526","4073","217"
"4527","4074","217"
"4528","4075","217"
"4529","4076","218"
"4530","4077","218"
"4531","4078","218"
"4532","4079","218"
"4533","4080","218"
"4534","4081","218"
"4535","4082","218"
"4536","4083","218"
"4537","4084","218"
"4538","4085","218"
"4539","4086","218"
"4540","4087","218"
"4541","4088","218"
"4542","4089","218"
"4543","4090","218"
"4544","4091","218"
"4545","4092","218"
"4546","4093","218"
"4547","4094","218"
"4548","4095","218"
"4549","4096","218"
"4550","4097","218"
"4551","4098","218"
"4552","4099","218"
"4553","4100","218"
"4554","4101","218"
"4555","4102","218"
"4556","4103","218"
"4557","4104","218"
"4558","4105","218"
"4559","4106","218"
"4560","4107","219"
"4561","4108","219"
"4562","4109","219"
"4563","4110","219"
"4564","4111","219"
"4565","4112","219"
"4566","4113","219"
"4567","4114","219"
"4568","4115","219"
"4569","4116","219"
"4570","4117","219"
"4571","4118","219"
"4572","4119","219"
"4573","4120","219"
"4574","4121","219"
"4575","4122","219"
"4576","4123","219"
"4577","4124","219"
"4578","4125","219"
"4579","4126","219"
"4580","4127","219"
"4581","4128","219"
"4582","4129","219"
"4583","4130","219"
"4584","4131","219"
"4585","4132","219"
"4586","4133","219"
"4587","4134","219"
"4588","4135","219"
"4589","4136","219"
"4590","4137","219"
"4591","4138","220"
"4592","4139","220"
"4593","4140","220"
"4594","4141","220"
"4595","4142","220"
"4596","4143","220"
"4597","4144","220"
"4598","4145","220"
"4599","4146","220"
"4600","4147","220"
"4601","4148","220"
"4602","4149","220"
"4603","4150","220"
"4604","4151","220"
"4605","4152","220"
"4606","4153","220"
"4607","4154","220"
"4608","4155","220"
"4609","4156","220"
"4610","4157","220"
"4611","4158","220"
"4612","4159","220"
"4613","4160","220"
"4614","4161","220"
"4615","4162","220"
"4616","4163","220"
"4617","4164","220"
"4618","4165","220"
"4619","4166","220"
"4620","4167","220"
"4622","4169","221"
"4623","4170","221"
"4624","4171","221"
"4625","4172","221"
"4626","4173","221"
"4627","4174","221"
"4628","4175","221"
"4629","4176","221"
"4630","4177","221"
"4631","4178","221"
"4632","4179","221"
"4633","4180","221"
"4634","4181","221"
"4635","4182","221"
"4636","4183","221"
"4637","4184","221"
"4638","4185","221"
"4639","4186","221"
"4640","4187","221"
"4641","4188","221"
"4642","4189","221"
"4643","4190","221"
"4644","4191","221"
"4645","4192","221"
"4646","4193","221"
"4647","4194","221"
"4648","4195","221"
"4649","4196","221"
"4650","4197","221"
"4651","4198","221"
"4653","4200","222"
"4654","4201","222"
"4655","4202","222"
"4656","4203","222"
"4657","4204","222"
"4658","4205","222"
"4659","4206","222"
"4660","4207","222"
"4661","4208","222"
"4662","4209","222"
"4663","4210","222"
"4664","4211","222"
"4665","4212","222"
"4666","4213","222"
"4667","4214","222"
"4668","4215","222"
"4669","4216","222"
"4670","4217","222"
"4671","4218","222"
"4672","4219","222"
"4673","4220","222"
"4674","4221","222"
"4675","4222","222"
"4676","4223","222"
"4677","4224","222"
"4678","4225","222"
"4679","4226","222"
"4680","4227","222"
"4681","4228","222"
"4682","4229","222"
"4684","4231","223"
"4685","4232","223"
"4686","4233","223"
"4687","4234","223"
"4688","4235","223"
"4689","4236","223"
"4690","4237","223"
"4691","4238","223"
"4692","4239","223"
"4693","4240","223"
"4694","4241","223"
"4695","4242","223"
"4696","4243","223"
"4697","4244","223"
"4698","4245","223"
"4699","4246","223"
"4700","4247","223"
"4701","4248","223"
"4702","4249","223"
"4703","4250","223"
"4704","4251","223"
"4705","4252","223"
"4706","4253","223"
"4707","4254","223"
"4708","4255","223"
"4709","4256","223"
"4710","4257","223"
"4711","4258","223"
"4712","4259","223"
"4713","4260","223"
"5075","1250","111"
"4715","4262","224"
"4716","4263","224"
"4717","4264","224"
"4718","4265","224"
"4719","4266","224"
"4720","4267","224"
"4721","4268","224"
"4722","4269","224"
"4723","4270","224"
"4724","4271","224"
"4725","4272","224"
"4726","4273","224"
"4727","4274","224"
"4728","4275","224"
"4729","4276","224"
"4730","4277","224"
"4731","4278","224"
"4732","4279","224"
"4733","4280","224"
"4734","4281","224"
"4735","4282","224"
"4736","4283","224"
"4737","4284","224"
"4738","4285","224"
"4739","4286","224"
"4740","4287","224"
"4741","4288","224"
"4742","4289","224"
"4743","4290","224"
"4744","4291","224"
"5094","1305","112"
"4746","4293","225"
"4747","4294","225"
"4748","4295","225"
"4749","4296","225"
"4750","4297","225"
"4751","4298","225"
"4752","4299","225"
"4753","4300","225"
"4754","4301","225"
"4755","4302","225"
"4756","4303","225"
"4757","4304","225"
"4758","4305","225"
"4759","4306","225"
"4760","4307","225"
"4761","4308","225"
"4762","4309","225"
"4763","4310","225"
"4764","4311","225"
"4765","4312","225"
"4766","4313","225"
"4767","4314","225"
"4768","4315","225"
"4769","4316","225"
"4770","4317","225"
"4771","4318","225"
"4772","4319","225"
"4773","4320","225"
"4774","4321","225"
"4775","4322","225"
"5112","1267","112"
"4777","4324","226"
"4778","4325","226"
"4779","4326","226"
"4780","4327","226"
"4781","4328","226"
"4782","4329","226"
"4783","4330","226"
"4784","4331","226"
"4785","4332","226"
"4786","4333","226"
"4787","4334","226"
"4788","4335","226"
"4789","4336","226"
"4790","4337","226"
"4791","4338","226"
"4792","4339","226"
"4793","4340","226"
"4794","4341","226"
"4795","4342","226"
"4796","4343","226"
"4797","4344","226"
"4798","4345","226"
"4799","4346","226"
"4800","4347","226"
"4801","4348","226"
"4802","4349","226"
"4803","4350","226"
"4804","4351","226"
"4805","4352","226"
"4806","4353","226"
"4808","4355","227"
"4809","4356","227"
"4810","4357","227"
"4811","4358","227"
"4812","4359","227"
"4813","4360","227"
"4814","4361","227"
"4815","4362","227"
"4816","4363","227"
"4817","4364","227"
"4818","4365","227"
"4819","4366","227"
"4820","4367","227"
"4821","4368","227"
"4822","4369","227"
"4823","4370","227"
"4824","4371","227"
"4825","4372","227"
"4826","4373","227"
"4827","4374","227"
"4828","4375","227"
"4829","4376","227"
"4830","4377","227"
"4831","4378","227"
"4832","4379","227"
"4833","4380","227"
"4834","4381","227"
"4835","4382","227"
"4836","4383","227"
"4837","4384","227"
"4839","4386","228"
"4840","4387","228"
"4841","4388","228"
"4842","4389","228"
"4843","4390","228"
"4844","4391","228"
"4845","4392","228"
"4846","4393","228"
"4847","4394","228"
"4848","4395","228"
"4849","4396","228"
"4850","4397","228"
"4851","4398","228"
"4852","4399","228"
"4853","4400","228"
"4854","4401","228"
"4855","4402","228"
"4856","4403","228"
"4857","4404","228"
"4858","4405","228"
"4859","4406","228"
"4860","4407","228"
"4861","4408","228"
"4862","4409","228"
"4863","4410","228"
"4864","4411","228"
"4865","4412","228"
"4866","4413","228"
"4867","4414","228"
"4868","4415","228"
"4870","4137","228"
"4871","4137","225"
"4872","4137","222"
"4873","4075","220"
"4874","4106","221"
"4875","4075","223"
"4876","4106","224"
"4877","4075","226"
"4878","4106","227"
"4879","4417","84"
"4880","4418","84"
"4881","4419","84"
"4882","4420","84"
"4883","4421","84"
"4884","4422","84"
"4885","4423","82"
"4886","4424","83"
"4887","1244","186"
"4888","1299","186"
"5076","1248","111"
"5095","1303","112"
"5113","1265","112"
"4895","4432","187"
"4896","4432","190"
"4897","4432","188"
"4898","4432","191"
"4899","4432","189"
"4900","4432","192"
"4919","4436","187"
"4920","4436","190"
"4921","4436","191"
"4922","4436","188"
"4923","4436","189"
"4924","4436","192"
"4925","4437","190"
"4926","4437","187"
"4927","4437","188"
"4928","4437","191"
"4929","4437","189"
"4930","4437","192"
"4932","3231","194"
"4933","1593","186"
"4934","1438","186"
"4935","1440","186"
"4936","1452","186"
"4937","1648","186"
"4938","1618","186"
"4939","1327","186"
"4940","1573","186"
"4941","1580","186"
"4942","1502","186"
"4943","1210","186"
"4944","1212","186"
"4945","4442","116"
"4946","4443","116"
"4948","4445","110"
"4949","4446","110"
"5000","4426","111"
"5002","1259","111"
"5004","1257","111"
"5006","1255","111"
"5008","1253","111"
"5010","1251","111"
"5012","1249","111"
